Rank,Address,NFT_Count,Token_IDs,Reward_VIBE,Share_Percent,Leaf
1,0x07eba7dff730f58e932c5730bad48e757e188fc3,2,"189;310",23020,0.9208%,0x895f0b4de59fc2082f5b195adff10dedb898aa1b0bb5a77a2dad0815b6a2eec0
2,0x000596b446392533eac8fff0773c66ae57bc1d3f,1,"137",22935,0.9174%,0x5dd6318746d176a46e7a8a29afdc53f1c6c1c802455ecd2b7610451763c82879
3,0x012c0bce561fbcb733f321e007c9b6d1e27785ed,1,"260",22935,0.9174%,0xe57ee8ae2f93aa021e4e08db4b575516b6574158769abe3753189333b7dda36d
4,0x01fb3dfbd0661aa7ad086c01d3d7c9931b9d3dbe,1,"320",22935,0.9174%,0x1431458de07f019bff5cc640ec22312547001600fcf83fff8781818a5b622c15
5,0x09ed7f2f6dd73c90953bece6bca50c6ad9c4c374,1,"293",22935,0.9174%,0x1ff0895ba014137b6ca1832bef4766ba291e1f82f30d312ff1e435aa7b41e44c
6,0x0aba8264321660d2c170bc77808d1f142881bac1,1,"205",22935,0.9174%,0x424ba2d5376bc9fee75e86ce6aea2cfc8fd7e0cbf4985503062ce5a6ec14cc74
7,0x1761042b43590a755478d1325b6424885e6ab8b5,1,"294",22935,0.9174%,0xd24507a6407b0efb9a4a464eaaa01ca17c3a6c75728d9c3e0c12cac441722432
8,0x1b64e3f93397eeeb076defb5b922b97dee4d6996,1,"299",22935,0.9174%,0x23630ccd4485211b4a8352fa86d678af5fd2c79851e2e797be88be36eb355112
9,0x1d741c45ec79162b5ed5ac81c0950dd80f83f300,1,"331",22935,0.9174%,0x54aa6ad750305452269aaeaa7cced0bef5cc3e3765632ac74eb2dbe3bcfd5f94
10,0x1e75bbbd34ecf784b5cfacd484ebb30ce01cfaf4,1,"314",22935,0.9174%,0xbbeb2ab045589df0cf9dc6dd10f978188e2d06c26a0a813f2f2050706b449e75
11,0x1f1ec548b66a911e7d56422a729bb47a089fb927,1,"87",22935,0.9174%,0xf9effcd453bd9fd041b2750cfa4863435bba5ff38500a3551748f89eda8f8750
12,0x1fbdfbb325336a2058cffe82fef86d9ac7e9f438,1,"177",22935,0.9174%,0x5a81584c12c0b66e5918d62b917358b1e92957cc8081078338b6cb685cb5d354
13,0x2211d1d0020daea8039e46cf1367962070d77da9,1,"4",22935,0.9174%,0x04aede867bc68a33c2cccc6f4e2542e1ca28adec6f579e3a461a1e9fa11f2cfd
14,0x29270c3ca483433e0a6d070db6ead349654b542d,1,"158",22935,0.9174%,0x109955e40ccb5726665c8bf478542d2f2d50dee6ddee34a1d41f0f83866c0cb6
15,0x2975f2a48b62266ed835b6003f5bb37482479c1a,1,"65",22935,0.9174%,0xf6addf270e2d608ef052d920883ed0af9ce88e4e5c864542af90a21560c04fe3
16,0x2d4e1095a876afacfe1b84bc052758360641aae0,1,"210",22935,0.9174%,0xe18130a19b7e896a8453fbd76ab7b5270c8c6bb0d5b01818e7dbabed4cb11e84
17,0x2d8077c1673ce8b66eaa2f234ff68d99573b8891,1,"165",22935,0.9174%,0x6a64247fe499287340bef3e6c943fbeaeb1aabfcdc0bd3e674bfb530e2693406
18,0x2ed27928f116323742dfa0af99dacd680cd7c495,1,"287",22935,0.9174%,0xbd02455518d64077621cde9c6332ce613f90386b081b67e23e77eee5181b5ff1
19,0x309a986f7cde387e48b5b11ac30c896aba173e54,1,"157",22935,0.9174%,0x7f4eb3c5bf9eeb11407952765cad8e30664b7f8fd5ec700191b440700dcfee51
20,0x341322640a06925b554c71da4efb8dd38dc621bf,1,"80",22935,0.9174%,0x1f15e5d3274435b7242e4b09a64c38185aa9a66454bbc4b32093e348b49e7950
21,0x35f4b9acd41584df18e88cc7ebfbd2ea1e270f62,1,"40",22935,0.9174%,0xef6b5cddb5feb1b93c6c49d6f90daacface498b26e6cfc9169934f4c8442494c
22,0x3e76041b5c75fd663da02651e1ebfa46184d2bdf,1,"164",22935,0.9174%,0x61f45f65bfd9452c782b3dcb31985b00b860a2646caeb40ec7a9e472ec348858
23,0x40c20369917f9098367007a173b031ccdea2a17d,1,"199",22935,0.9174%,0x140065ddcc6e0a9fb251080f2fb18bb89f4452bb5d9839160a56c309ae6e42e9
24,0x41697670106fb4b8bd4f08ecf3ef64c98ec8e8ec,1,"59",22935,0.9174%,0x29386133af21ba76a0c47c8495ddd26ec71149408636723ad307ed7d00b4334b
25,0x4250bcb497181ad9521f78337d68da1a85afa3c5,1,"71",22935,0.9174%,0x864b2dc6467b1114425dbe0eadb041fa96eb5404dd12943ad6f89cb14937f982
26,0x42716e51285a9fafde6ae836bfd8f7f8cc88c7ea,1,"309",22935,0.9174%,0x5e07d95f6f13353d767169ad5f1f37080264c352aa0eb0c1db33c285ead698ad
27,0x444030530b229f35c8318e0877ec23b9a4dfa001,1,"209",22935,0.9174%,0x75d1274ab30d7a3acc95863e6c0cf060c44fb5bea5fef3b94341e55018457ce2
28,0x452c6a1a13b6c28f7a6bfea89a60c39d2e4f39c2,1,"54",22935,0.9174%,0x0624b1c36c7b96433ecc9a939814e54af54893b9e3bc0d6b3ff01f762dd18511
29,0x473a3c1e3459e957f1e23c5ebe43e79f95bf6c85,1,"19",22935,0.9174%,0x830cd46bef9e24b313f1cdab203a332a12ec88d1c0eaaff435724bee7ddc9511
30,0x4b3002e1d0ecbd31633506ae2c33027607f5d7b0,1,"20",22935,0.9174%,0x8cd1d7aee8075879b8fdd307923dfad5295e7cf24589b63d250c866b5d2edfbc
31,0x4bce2046c00df1e20fbcc21135c2fe7bef03345a,1,"69",22935,0.9174%,0xed6fffe50781ed3d635eecbdf57332eea6525db10d352732ee6d9a368a46027b
32,0x4c91d3bed372c11795b9ce9a9017dfe447bf050a,1,"3",22935,0.9174%,0x69008b3a3afa220d24dc34927573db6ea038430b857af3c7b164b819f123bb22
33,0x4ce021795aa70d084bbae996bf9d9adfd5a8fbe5,1,"176",22935,0.9174%,0x5c3ae282d8370b09379a60e2628bd62a60f09db64ef4b29bac6691fa15e6d208
34,0x4deefb53f4d8cfa69a8b8f3a4a35fedf1f24eaf9,1,"66",22935,0.9174%,0x127d4c7e57d15d1576ce35c35681cec5a6a80f6cc6e5860466ea4165b87ea010
35,0x4df3806bfdba47c19d9f884569fc0114ede8f8cf,1,"303",22935,0.9174%,0x291ec86a19b7c47262e2376783f9dfb903db369ae400628ff2afa2003d7ffda5
36,0x50d96de4112d58c566bdb1af78ff7bc457b1ffce,1,"316",22935,0.9174%,0xe374187dc8396488aeff1044bd8fa7db23327ed63582a8bfcd374d796b5d3ec6
37,0x53184302a7b590256b589b2745a8990774de41b0,1,"257",22935,0.9174%,0x97ccf8228da3e8ac781a9efc3e429e3f011d2479bde5ad20fc58db60b24f087f
38,0x534671e4c92413ca53171eadc943fe872416e6cf,1,"99",22935,0.9174%,0x1da7e5c2be10e053639e27cc6bd6dd8664e901d02b5607b86ba089c6284b9672
39,0x54e7e6aca137656a4672a15086456a8347a4acf8,1,"89",22935,0.9174%,0xc80abe24937a40a69527f2ec0b1dd02793c036fb2f75d1f8f0094048e3bd9275
40,0x550b70b029ad8d20f7e857932dc7784aea76c575,1,"285",22935,0.9174%,0x15f94faa864e15e5e14484c95dd59eb21942408e9dd64fadb875cc8e5f197838
41,0x5d72576dd1e0f1d3d169c019a859224c3470d242,1,"307",22935,0.9174%,0x8897416f2f5344590bfb73936a7e64c4e951b80ab5b9bd5205e3210ce5dc7867
42,0x6160b60dde3b1273bccc34683be5461acc1b78d4,1,"172",22935,0.9174%,0xe638e61ad4be7f24985e0d2d36692ae700e7c4b810eb79316f67fd5fc7b595aa
43,0x6171b8df61a6d2f507a8c6cbef55148bd11b1a67,1,"214",22935,0.9174%,0x3829541cf92290b40f7eef91c908925fe60411bd1189bc7cef7e7d796d1b22a4
44,0x61ddfd26065fcbee5a550ef98862ec4ac36a2ace,1,"7",22935,0.9174%,0xc07f9d6bdb1ba6a72e4b36d6af5e63fe34f7b9ec37712c35f7c2be4df276e393
45,0x625c0cb593f135e7d0624c22d31beb6418e9623c,1,"112",22935,0.9174%,0xfd4e5efd948ca878527ff303dbd0d9db5f468b1e1095fe7f1ce63b756fc0d194
46,0x6303381ed0deb5450dd335d6b93d30c801bfc6f3,1,"36",22935,0.9174%,0xff524a78ee62db9d9603e6f01b1901ce986e9e4c5e10fe3df08a6a46a9420919
47,0x64b2aa5158143857f01fca4c589b038a9c6b6c69,1,"76",22935,0.9174%,0x0a9c1325f8677be6295e1dd8649deceb87cb35b6e12cee95e230cce1320a3756
48,0x6ab72fc974eda6190c051f4127377e1827b0bd25,1,"162",22935,0.9174%,0x4bbcadf4b8ebc69d8b7f51c9d5b069f712f753e68a2077f8672a967acebd8a75
49,0x735ceff991bfd1dca5d02b7f7999d5045c001c8b,1,"248",22935,0.9174%,0x4009b88cecdd0ccc1761fbdfddfc7a70e9f628304747e2479da5e8f8978d8b01
50,0x76d62b704d4148c99a4e78f0f62cb9da13a55ec1,1,"100",22935,0.9174%,0x0f40510572ec49cd10007144b535334b37fc8f0a6abe2efcd22cd91128d11f49
51,0x7ae3b30a504e153b2bc8980fe0599882fe9ea671,1,"182",22935,0.9174%,0x18cef33fd192aef14535c971197c903a86079dcea2d93adbbf08fa1d9aab4c67
52,0x842b3f6bdb1839d738bc27a0319e04056c2fe7e6,1,"167",22935,0.9174%,0x8eaff592fa1faa7cc1a8a14a3d7bc02fdc808e7c8efa108d335a15dc0760b5e2
53,0x853dda5a97ba1a002cb7bdd61270c4654719740d,1,"219",22935,0.9174%,0x67031d4c4d3273de102fe054417d7b66384bd68e58c6d9f68182496b9aa091c4
54,0x85d0857ea50ea97e813e80bca03c5226d7b7add0,1,"102",22935,0.9174%,0x35f65d38cef714f3b471d6c0d22e6530a3cbf1d60337758ad8b8c048ca606265
55,0x8b8d77c89d33879e9ad4cf72ed4f4f196358f837,1,"38",22935,0.9174%,0xa59db8e247b1eb99348a8e4fc3c3f382a19e4162f0679f7114d3de1b27624d36
56,0x8f371d8d3dd55665640165f7e770848ab662745a,1,"231",22935,0.9174%,0xaeb64c5c981a02defbdc721b0b9f71f8862cf11e51626d137f89e35238c6c616
57,0x931156fd1f287ba1970322954a7e342d0ac7cbb1,1,"109",22935,0.9174%,0x5087dc15f6efd5172c7411cfd41bc1da0ce87166ec307223c861551d18686a15
58,0x94bb005711648e57dccc1770d84c54e71115ca81,1,"318",22935,0.9174%,0x1e71557328b0d9567caff17a6378be20f15c96a1d048208dff9089bb77653bd4
59,0x967c29851c09900624bf49bfe04d17ae518eaa2e,1,"136",22935,0.9174%,0x79004314735304379762afb1746bbf3d2c4f908be6eb70f52f6b40a592fe8227
60,0x9c4cfd0e9863201908892ef5413eaa61e36bab02,1,"159",22935,0.9174%,0x740c1b2860fdf2efcc9dd962ca250fc3d5aebb47f4c5e279d54c8cb9d8339e30
61,0x9d9f72dd4a3edb34f0a77860ecb7683b94536651,1,"50",22935,0.9174%,0xe8c6ea18e0cf021352d0c7e6d936ff2d684fc3d8a16181bd96be82fe17be9a2e
62,0x9e1ce95edea8a32aaef7b5cb601b7eccec357a49,1,"237",22935,0.9174%,0x8aed310922d2f5db4ab8bb086cb1350181d14cc1c7cad854a7cfe42fbb3f3852
63,0xa0dec165d9b4441a46e7022f347c191c4e233587,1,"226",22935,0.9174%,0x6d32cc75d94fd57311ee08819234c8789acf2503d9fd1025c845569cd4e460a8
64,0xa14cfd1854dc5d98557d662696a00605e8d1d45b,1,"96",22935,0.9174%,0x84a6a7c65dc23a4c7a932cd6da039281c4f40c0c33403560213cd7497c1ffe4d
65,0xa8d05189774cd31ea53589314d902ca78ebd1bdb,1,"152",22935,0.9174%,0xb9fbe81a1a0d42a8778df9b3eb4080f77429b271065c3457415f6519d599741e
66,0xaeefe4893fc2acf927745f093c0a768fcdc5cc86,1,"292",22935,0.9174%,0x524e1ebc4838bf4d188acadc1c5ab8eb3f00e64ccc70af2ee45355a1bbbf0d57
67,0xb0191fd61a9caee3d60a93549ade9f54cd1623b4,1,"278",22935,0.9174%,0xbf552c813ee13f2c0021e3c8656bfea84810eabaaec41aaceb837d31375429da
68,0xb10d893441b96b9c25231d42591d64cf36484e04,1,"34",22935,0.9174%,0xabd79d0d313de9da942ca0e6a505cde96e36c9863c3dd25694c45488354066e6
69,0xb1658bd148f54c1e59d85f7fda511b558533b0ca,1,"95",22935,0.9174%,0x4e44806a748fe6e29d58af18ef0720c373dd404af9cd81e92384e310d5c9d3be
70,0xb18c220c813f5a1578f08f7aeca7fbaaa574e9ca,1,"2",22935,0.9174%,0x0328c5fe9455554c52ddba0191c290462c28561146eb78063cb21a8f9d9bf89e
71,0xb3be45a893be0062e36056fd2b447b6839cfab36,1,"93",22935,0.9174%,0x84ee1a64e5aef0f725df4f77cfe08bc580ef7831ba12ff607eca03b5425cb889
72,0xb63573997de24d89a8045db91d6e428e881a4bdc,1,"256",22935,0.9174%,0x947a6ee91d1a175ad456d0b93bcea545db51ff02fd72b16bb88cd4e977805667
73,0xb72d088def563c456d6090019d9b5fe72fe7823e,1,"254",22935,0.9174%,0x29960f9b525e4bad5ae66ab2391b3b32e8d25a2a18690adf3ab3875220268a05
74,0xb98b71ea3bfa7774aefb1d3a889a250c0b294355,1,"119",22935,0.9174%,0x0b44fe12adf2b2fe3077404a63b4f156ebe0db14f698068d284d9f45ca04a745
75,0xbb0770623c4f871a8d0e41313be2622dca75edee,1,"326",22935,0.9174%,0x8e771ccec6b2f5150ca0eb830afcb7f07602a865513ffcebde298fe34af0c1ba
76,0xbd052d27c6d7b972b18948907ed5b917b6171d07,1,"64",22935,0.9174%,0x8a88c5a41e48f7360e72f9e9e1b3e6650da890e2bae0e53370fce82ce5a40ffc
77,0xbdb1bec07df702f5d8a8feecb3cb39b64a441f3f,1,"103",22935,0.9174%,0x5e3b3326b089c7001bb79214d527894359a04cec8b7f6509a99d4d8eb1e2e7d9
78,0xbea67092fe9514191b4ba87597f8301c2065c7db,1,"41",22935,0.9174%,0x1c759123a23014cb835f3ae62f7dab8f7b973699a7e0446f4fbc3c2fb3a3f034
79,0xc3877f7472768a57f170ecf3284c584ec6e7f2e0,1,"81",22935,0.9174%,0x2d5b10f3a56c215d29bc90160007f5a12c65ee33f794421ce72e11b4b00a7dac
80,0xc56ac3751f741ec25d7f9e27ebcee84f921cedd3,1,"78",22935,0.9174%,0xc4f0b6748f328aa1f53f852cddbddcad21038d6c23d8592d61553f593cfb81e9
81,0xc5e928740eb15b1b148cd10b52f9f0048fd5badb,1,"249",22935,0.9174%,0x10c200c1d1c1ffb779e87f5d35818d464e313749d727b694ac0533e30204cf14
82,0xcb6a37e756bbe85d0bcf965f3339611f29fd8245,1,"46",22935,0.9174%,0xf2221922902068fe87ee39e33ae34099d2c8b06c340a2ed1ca304eaa004e7044
83,0xcd62c41a848059840babe83ee85f7a2670abb057,1,"212",22935,0.9174%,0xcfb9252b3efcdefd9f8191e6426a3e4f670848ec2c3e01c2949ad8f7aef92977
84,0xd0d5c7eec57f6d1133eb4aa16144648488bf3e2d,1,"44",22935,0.9174%,0x20a789984f40360a63561515944db766a772a64304b97985e6824c77c1d2d744
85,0xd22edc8ae8b53192a04cbd963d4a0a8ee6c6a41f,1,"142",22935,0.9174%,0x9eac50f38ffd78f5a486790c86283bc7fab9ab8a7e3e007f8d540ead4d6fa823
86,0xd3b0be614669e0b94343f084dee240c363a1b67b,1,"108",22935,0.9174%,0x0f354fe57e25fe6e543fa8690b8630a90d7497a3a71719853150a7e05ee2ed35
87,0xd55263b84685ced7e10a77607c7ffd763d495b6e,1,"79",22935,0.9174%,0xf3b3bc29a56307a707620918e4a081e29c66e312e6aac7ef6149f6b61d1bad7f
88,0xd627158727cd253cba31d86a3da31d2baa00ff07,1,"185",22935,0.9174%,0x9b47f0a76600a339a334162f0091eaa6cfd2ad53093f6d404e35ce2c1848eded
89,0xd81af520255a973825b7d62dfc998c1316cffc3b,1,"305",22935,0.9174%,0x2909e7d729bd168d52f61d9946f99a3d85b842065a0c275fd8afde738e6c70d9
90,0xdda556f7418a17e8ed33facf243c61077b333f0e,1,"30",22935,0.9174%,0x5e696fd9f5ba08028bf1188e3913cba1fc21431c06ee04203d4d1438da66afc2
91,0xddb29d86be44a19073cb52888d489103ec4ac7b9,1,"246",22935,0.9174%,0x178ee5ef8599507ac3770f644ddc0850117ebcf584e718f78de1d559ab11a0c6
92,0xde3461f61d36746ad14a229f5d9fce91ae7ce026,1,"35",22935,0.9174%,0xd67124a14fea0801d5a1f1a8dba28e10186f3e18b25558aa8a340a8e6543a8da
93,0xdf28cda90189b21d7bc0b0d4c39b731f0a4bee36,1,"128",22935,0.9174%,0x92189e6f846a2ac7f49a09275528a8e9754b3e5235c5280ff947acb443b7b1e1
94,0xe0fd9984d2d39b9d8f51918824778c8840db905b,1,"39",22935,0.9174%,0xfd5b8b09ae0f36a2638f171303e08e324dcacf72fc6684419da06efcab4a9949
95,0xe3a67fba694377e3a2e5a0674a4bef4edfb419c5,1,"229",22935,0.9174%,0x914fd2f7b1661885295d2b5609e0e72800713a052391695451a29cb5200dbcb7
96,0xe402081b0b437cb03418e0331ff5204cc5a622f3,1,"273",22935,0.9174%,0x5d0a60de5e11d49f579a21655d62ff4e273172ca7c3a658285163007f036a8fb
97,0xea392d5deee981ae21d829fbf83b90a908f8ced2,1,"235",22935,0.9174%,0x63a08d4f9d25811fd37dabdd330ade2477b83dc6b58584ad39f47edeb9dd2d9f
98,0xea9bb4a2ede72bc642ffd6d5eb69e2067bfe89f2,1,"283",22935,0.9174%,0xc54b2bc86e9f4c3bd37a85641921b239a174740bc81745ca823b5c2caf8c6cbd
99,0xeb882e743d8a1bba00631b0f5dbbcae286df80d2,1,"252",22935,0.9174%,0x244a91eb590081d458cf42ac642bb9de1c58107141e46a6e92df1263273e850b
100,0xee940c4bb3914f74e979519a4c3aebc68a5579e9,1,"70",22935,0.9174%,0x2a4c5dbee263de5e453a4553b60f546285c4d8b8df8cbd826078a5ffbabc30a4
101,0xeee9d4923ad30f3ee2a14eed45f39d5e27c67187,1,"270",22935,0.9174%,0xc61aa149005c12e9e7b6202d375cfd5b5276063dd2c552a3b0e89a371f1fbe6d
102,0xf2c9d1335f2e38a8258d1510bef2b1b954d1d620,1,"120",22935,0.9174%,0xf9f4e0a01e345202459562b8076be2949041994f4343a45496c0f5f79f800c5f
103,0xf31929d61986aca6be678842a00620e82c4111b1,1,"9",22935,0.9174%,0x0969ed7766fc8c01e7556fe831267e3802db8d01a0726630af82d48c13373139
104,0xf36f8db6ca19872694551ff08dd0233f4cd5b3da,1,"104",22935,0.9174%,0x7530c22e42a340098cefac7627e4467335a5b96299733476e6e6de011671a0b0
105,0xf5ad66ff5a943ce0b08f3682b78b288172379534,1,"48",22935,0.9174%,0xe61461374a34a3b99719f2d97a4d8205ef43d64b88f12ed882e6e56c0cb003e9
106,0xf7878596918eeb5a09620a2055719963b8c5aeff,1,"276",22935,0.9174%,0x06e0c16beb875b6b7e440cd5601b7f853cec576aabf054b18e9f9cdca8bd1338
107,0xfa50de214e13302e01bdf635d5204ff26b84ea60,1,"298",22935,0.9174%,0x98075b77221e5f319736c7f3274aaf960de2f6d049ca2be6cee211ba2b611810
108,0xfaad7563f40dcadaa4d6d5920e8fa4076b218055,1,"217",22935,0.9174%,0x873888a0c31a9de572b8468099121c0f2bf93a151fd1ef4af0c6c35edadfd73f
109,0xfbec68a51c8b79b59953472a584a9fb32d9c6cef,1,"33",22935,0.9174%,0x2f921035386e36078cbd28cafec91eba370023975f09d2efafa79b8f5ec614f7